{
  "formatVersion": 1,
  "database": {
    "version": 1,
    "identityHash": "3f97c7287f7a21fcb0a9958429d38c53",
    "entities": [
      {
        "tableName": "students",
        "createSql": "CREATE TABLE IF NOT EXISTS `${TABLE_NAME}` (`id` INTEGER PRIMARY KEY AUTOINCREMENT NOT NULL, `name` TEXT NOT NULL, `rollNumber` TEXT NOT NULL, `age` INTEGER NOT NULL, `deleted` INTEGER NOT NULL)",
        "fields": [
          {
            "fieldPath": "id",
            "columnName": "id",
            "affinity": "INTEGER",
            "notNull": true
          },
          {
            "fieldPath": "name",
            "columnName": "name",
            "affinity": "TEXT",
            "notNull": true
          },
          {
            "fieldPath": "rollNumber",
            "columnName": "rollNumber",
            "affinity": "TEXT",
            "notNull": true
          },
          {
            "fieldPath": "age",
            "columnName": "age",
            "affinity": "INTEGER",
            "notNull": true
          },
          {
            "fieldPath": "deleted",
            "columnName": "deleted",
            "affinity": "INTEGER",
            "notNull": true
          }
        ],
        "primaryKey": {
          "autoGenerate": true,
          "columnNames": [
            "id"
          ]
        },
        "indices": [],
        "foreignKeys": []
      }
    ],
    "views": [],
    "setupQueries": [
      "CREATE TABLE IF NOT EXISTS room_master_table (id INTEGER PRIMARY KEY,identity_hash TEXT)",
      "INSERT OR REPLACE INTO room_master_table (id,identity_hash) VALUES(42, '3f97c7287f7a21fcb0a9958429d38c53')"
    ]
  }
}